title,channel,categoryId,views,publishedAt,description,category
Rod Wave - Leavin (Official Music Video),RodWave,10,1075718,2025-10-13T04:00:07Z,"Listen To Rod Wave's 'Leavin' Out Now:
https://rodwave.lnk.to/Leavin

Tickets to The Redemption Experience Tour By Rod Wave: https://laylo.com/rodwaveupdates/m/TheRedemptionExperienceTour

Directed by: Jerry Production

Everything Rod Wave: 
https://official-rodwave.com

Follow Rod Wave:
‚ñ∫ Instagram: https://www.instagram.com/rodwave/
‚ñ∫ TikTok: https://rodwave.lnk.to/tiktok
‚ñ∫ Facebook: https://www.facebook.com/rodwave
‚ñ∫ Snapchat: https://www.snapchat.com/add/therealrodwave
‚ñ∫ Discord: https://discord.gg/rodwave
‚ñ∫ Twitter: https://twitter.com/rodwave

Listen to Rod Wave:
‚ñ∫ Apple Music: https://rodwave.lnk.to/applemusic
‚ñ∫ YouTube: https://rodwave.lnk.to/youtube
‚ñ∫ Spotify: https://rodwave.lnk.to/spotify
‚ñ∫ SoundCloud: https://rodwave.lnk.to/soundcloud
‚ñ∫ Amazon: https://rodwave.lnk.to/amazonmusic
‚ñ∫ TIDAL: https://rodwave.lnk.to/TIDAL

#Rodwave #Leavin",Entertainment
The Hunting Wives Season 2 Trailer - SNL,Saturday Night Live,23,984668,2025-10-12T04:32:09Z,"A trailer teases Season 2 of Netflix's The Hunting Wives.

Saturday Night Live. Stream now on Peacock: https://pck.tv/3n1IyzK

Subscribe to SNL: https://goo.gl/tUsXwM
Stream Current Full Episodes: http://www.nbc.com/saturday-night-live

WATCH PAST SNL SEASONS
Google Play - http://bit.ly/SNLGooglePlay
iTunes - http://bit.ly/SNLiTunes

SNL ON SOCIAL
SNL Instagram: http://instagram.com/nbcsnl
SNL Facebook: https://www.facebook.com/snl
SNL Twitter: https://twitter.com/nbcsnl
SNL TikTok: https://www.tiktok.com/@nbcsnl

GET MORE NBC
Like NBC: http://Facebook.com/NBC
Follow NBC: http://Twitter.com/NBC
NBC Tumblr: http://NBCtv.tumblr.com/
YouTube: http://www.youtube.com/nbc
NBC Instagram: http://instagram.com/nbc

#SNL #SNL51 #AmyPoehler #RoleModel",Technology
worst ending in video game history,CoryxKenshin,20,1867759,2025-10-13T19:38:35Z,"WELCOME, back to Little Nightmares 3! Refer to title.
READ MY MANGA: https://monsterswemake.com/
Official CxK Merchandise: https://coryxkenshin.com/

Instagram ‚ñ∫ http://instagram.com/coryxkenshin
Twitter ‚ñ∫ https://twitter.com/coryxkenshin
Tiktok ‚ñ∫ https://www.tiktok.com/@notcoryxkenshin

Game: https://store.steampowered.com/app/1392860/Little_Nightmares_III/

Music:
https://www.youtube.com/user/myuuji
https://incompetech.com/music/royalty-free/music.html

Jesus said to love one another and that we should be servants to each other, so I would ask that you all do that in the comment section. Be respectful. We are a community. That means more to me than anything. Thank you.

~CK

#coryxkenshin #LittleNightmares3",Gaming
Louis Tomlinson - Lemonade (Official Video),Louis Tomlinson,10,373317,2025-10-13T16:00:07Z,"Lemonade Is Out Now: https://louist.lnk.to/LemonadeID

How Did I Get Here? The New Album. 23rd January. Pre-Order: https://louist.lnk.to/HowDidIGetHereID

How Did We Get Here? The EU, UK & North America Tour: https://louis-tomlinson.com/#tour

Subscribe: https://www.youtube.com/@LouisTomlinson

Follow Louis Tomlinson: 
https://www.louis-tomlinson.com/  
https://www.tiktok.com/@louistomlinson 
https://twitter.com/Louis_Tomlinson   
https://www.instagram.com/louist91  
https://www.facebook.com/louis.tomlinson  
https://www.snapchat.com/@louis-t28

Lyrics: 
She got me wasted
The way she‚Äôs making me lie
Hung from her bracelet
Her lucky charm if I like
Symptoms of coming to life
No point in thinking it twice
She got me wasted
The way I‚Äôm chasing the night
I don‚Äôt wanna go home
Am I losing control
I don‚Äôt wanna go home
Am I losing control
 
She‚Äôs so bitter
She‚Äôs so sweet
Lemonade
Lemonade
A little taste
Is all I need
Lemonade
Lemonade
 
She got me waking
At times that I‚Äôve never seen
Bright yellow spaceship
Might make me start to believe
Symptoms are stuck on repeat
No point in trying to leave
She got me waking
It‚Äôs doing something to me
I don‚Äôt wanna go home
 
She‚Äôs so bitter
She‚Äôs so sweet
Lemonade
Lemonade
A little taste
Is all I need
Lemonade
Lemonade
 
Is it only human
To escape into delusion
And if I should try to prove it
Would I win or would I lose it

#LouisTomlinson #Lemonade #HowDidIGetHere",Other
Telusu Kada Trailer | Siddu Jonnalagadda | Srinidhi | Raashii | Neerraja | TG Vishwa Prasad | PMF,People Media Factory,24,2945476,2025-10-13T09:19:36Z,"The #UnapologeticallyRadical #TelusuKadaTrailer is here!
 Love  like you‚Äôve never seen before. üíû

 #TelusuKada releases in cinemas worldwide on October 17, 2025.

üé¨ Starring:
 Siddhu Jonnalagadda | Raashii Khanna | Srinidhi Shetty | Harsha Chemudu
 
Written & Directed by: Neerraja Kona
 Producers: TG Vishwa Prasad, Krithi Prasad
 Music: Thaman S
 Director of Photography: Gnana Shekar VS
 Editor: Navin Nooli
 Costume Designers: Sheetal Sharma, Lanka Santhoshi
 Production Designer: Avinash Kolla
 Executive Producers: S. Venkatarathnam, Sukumar Kinnera
 PRO: Vamsi Shekar
 Chief Co-Director: Siva Ramakrishna
üé¨ Direction Department:
 Anil Kumar Balaga, Rakesh, Lucky Dileep, Pidugu Vishwanath, Deepak Raja, Kundana Kilaru, Ambika
üí• Marketing: First Show
 üìã Chief Coordinator: Megha Syam Pathada
 üéûÔ∏è Chief Executive Producer: Sujith Kumar Kolli
 üé¨ Assistant Executive Producer: Raj Shriyan

#TelusuKada #LoveU2 #SiddhuJonnalagadda #RaashiiKhanna #SrinidhiShetty #ThamanS #NeerrajaKona #PeopleMediaFactory  #TelusuKadaTrailer #UnapologeticallyRadical


‚òõ For latest news: http://bit.ly/2w15qTo
-----------------------------------------------------------------------
#PeopleMediaFactory is a film production company established by TG Vishwa Prasad. Many successful films are being made under this production banner and are currently very diligent with line-up of movies.

‚òõ Subscribe to YouTube Channel:¬†http://bit.ly/2vFJAEh
‚òõ Like us on Facebook:¬†http://bit.ly/2whPjAS
‚òõ Circle us on G+:¬†http://bit.do/peoplemediafactory
‚òõ Like us on Twitter:¬†http://bit.ly/2wSo8ue
‚òõ Visit Our Website: http://bit.ly/2x6KjMl",Technology
There's been a situation..,Asmongold TV  ,20,550788,2025-10-13T23:15:01Z,"‚ñ∫ Asmongold's Twitch: https://www.twitch.tv/zackrawrr
‚ñ∫ Asmongold's X: https://x.com/asmongold
‚ñ∫ Asmongold's Kick: https://kick.com/asmongold
‚ñ∫ Asmongold's Sub-Reddit: https://www.reddit.com/r/Asmongold
‚ñ∫ Asmongold's VOD Rerun Channel: https://www.twitch.tv/asmongold247

Channel Editors: CatDany & Daily Dose of Asmongold
If you own the copyright of content showed in this video and would like it to be removed:
https://x.com/CatDanyRU
https://x.com/DAsmongold",Other
Lil Poppa - Oxy Fever (Official Music Video),Lil Poppa,10,106438,2025-10-13T04:00:29Z,"Lil Poppa - Oxy Fever [Official Video]

Follow Lil Poppa:
https://www.instagram.com/lilpoppa/
https://www.tiktok.com/@1200reasons
https://x.com/ThatBoyPoppa

Shot by @alwaysaden",Entertainment
"The Running Man | New Trailer (2025 Movie) - Edgar Wright, Glen Powell",Paramount Pictures,1,4203912,2025-10-13T13:00:20Z,"Play the game or the game plays you. Watch the New Trailer for The #RunningManMovie ‚Äì Only in theatres November 14

‚ÄãIn a near-future society, The Running Man is the top-rated show on television‚Äîa deadly competition where contestants, known as Runners, must survive 30 days while being hunted by professional assassins, with every move broadcast to a bloodthirsty public and each day bringing a greater cash reward. Desperate to save his sick daughter, working-class Ben Richards (Glen Powell) is convinced by the show‚Äôs charming but ruthless producer, Dan Killian (Josh Brolin), to enter the game as a last resort. But Ben‚Äôs defiance, instincts, and grit turn him into an unexpected fan favorite‚Äîand a threat to the entire system. As ratings skyrocket, so does the danger, and Ben must outwit not just the Hunters, but a nation addicted to watching him fall.

Connect with #RunningManMovie
Instagram: https://www.instagram.com/RunningManMovie
X: https://x.com/RunningManMovie
Facebook: https://www.facebook.com/RunningManMovie
TikTok: https://www.tiktok.com/@RunningManMovie
Threads: https://www.threads.net/@RunningManMovie

Paramount Pictures Corporation (PPC), a major global producer and distributor of filmed entertainment, is a unit of Viacom (NASDAQ: VIAB, VIA), home to premier global media brands that create compelling television programs, motion pictures, short-form content, apps, games, consumer products, social media experiences, and other entertainment content for audiences in more than 180 countries.
 
Connect with Paramount Pictures Online:
Official Site: http://www.paramount.com/
TikTok: https://www.tiktok.com/@paramountpics
Instagram: http://www.instagram.com/ParamountPics
Twitter: https://twitter.com/paramountpics
YouTube: https://www.youtube.com/user/Paramount
Facebook: https://www.facebook.com/Paramount",Technology
Silent Hill f - Part 4,Markiplier,20,196753,2025-10-13T19:54:08Z,"I'm starting to think seems might not be exactly what they seem in Silent Hill f...
LISTEN TO DISTRACTIBLE ‚ñ∫‚ñ∫ https://open.spotify.com/show/2X40qLyoj1wQ2qE5FVpA7x
MY COMFY CLOTHES ‚ñ∫ https://cloakbrand.com/

Edited By ‚ñ∫  @Diceroll 
Edited By ‚ñ∫  @LixianTV 

Scary Games Playlist ‚ñ∫ https://www.youtube.com/playlist?list=PL3tRBEVW0hiBSFOFhTC5wt75P2BES0rAo

Follow my Instagram ‚ñ∫ http://instagram.com/markiplier
Join us on Reddit! ‚ñ∫ https://www.reddit.com/r/Markiplier/

Horror Outro ‚ñ∫ https://soundcloud.com/shurkofficial/haunted
Happy Outro ‚ñ∫ https://soundcloud.com/hielia/minimusicman-crazy-la-paint",Other
BABYMONSTER - 'WE GO UP' EXCLUSIVE PERFORMANCE VIDEO,BABYMONSTER,10,2632790,2025-10-13T15:00:05Z,"#BABYMONSTER #Î≤†Ïù¥ÎπÑÎ™¨Ïä§ÌÑ∞ #2ndMINIALBUM #WEGOUP #EXCLUSIVE #PerformanceVideo #YG

More about BABYMONSTER @
Official YouTube https://www.youtube.com/@BABYMONSTER
Official Instagram https://www.instagram.com/babymonster_ygofficial
Official Facebook https://www.facebook.com/BABYMONSTER.ygofficial
Official Twitter https://twitter.com/YGBABYMONSTER_
Official TikTok https://tiktok.com/@babymonster_yg_tiktok
Official Weibo https://weibo.com/u/7811488144
Official bilibili https://space.bilibili.com/3493127232948989",Other
"New Marvel Trailers Breakdown: Vision Quest, Daredevil: Born Again, and X-Men 97!",ScreenCrush,1,76495,2025-10-13T21:15:36Z,"Marvel NYCC Trailers Breakdown! Explore our merch store for movie & TV fan gear! From T-shirts to unique accessories, find your favorites. For 15% off your first order subscribe here! https://screencrushmerch.com/pages/subscribe 

Connect with ScreenCrush
https://discord.gg/VSYHqbDwwj
http://screencrush.com
https://www.tiktok.com/@screencrushnews
https://www.facebook.com/ScreenCrush
https://twitter.com/screencrushnews
http://screencrush.com/newsletter

Written and Hosted by Ryan Arey http://twitter.com/ryanarey
Edited by Harriet Lengel-Enright
Justin Wilkins
Sophia Di Giovanni
Ethan Lavinsky

Featuring
Ethan Eng https://x.com/KrispyWontons

Merch and Links
Do You Wanna Taste It?: https://store.screencrush.com/products/do-you-really-wanna-taste-it-t-shirt
Bird Blindness: https://store.screencrush.com/collections/t-shirts/products/bird-blindness-t-shirt
Peacenuts: https://store.screencrush.com/products/peacenuts-t-shirt
Where‚Äôs the Dog: https://store.screencrush.com/products/wheres-the-dog-t-shirt
Akira Peace Cycle: https://store.screencrush.com/products/peace-akira
Colton In the TV: https://store.screencrush.com/products/colton-in-the-tv-t-shirt
Tommy in the Breakroom: https://store.screencrush.com/products/tommy-in-the-breakroom-t-shirt
D.O.U.G.I.E: https://store.screencrush.com/products/d-o-u-g-i-e-t-shirt?variant=51181664076073

#ScreenCrush",Technology
There‚Äôs A Creep In These Apartments‚Ä¶,CaseOh,20,127057,2025-10-13T22:00:11Z,"CaseOh X Starforge  https://starforgepc.com/CaseOh 
GamerSupps -10% off Code CaseOh -  https://gamersupps.gg/
Merch - https://caseohgames.com/
_________________________________________________________________

Join this channel to get access to uploads with no blurs or mutes:
https://www.youtube.com/channel/UC63anZxfVGHUEmfBAf5w7pw/join
________________________________________________________________
Follow üëá
Twitch üé• https://www.twitch.tv/caseoh_
MoreCaseOh YT üì∫  https://www.youtube.com/@MoreCaseOh
TikTok - https://www.tiktok.com/@caseohgames 
X - https://x.com/CaseOh__
Instagram - https://www.instagram.com/caseoh_games
Discord - https://discord.gg/caseoh
_________________________________________________________________",Other
Juan Gabriel - As√≠ Fue,LETRAS4K,10,201010,2025-10-11T17:12:45Z,"üéß Juan Gabriel - As√≠ Fue

Premium Streetwear ‚úíÔ∏è https://instagram.com/backstakee üåê

‚á® Escucha nuestra Playlist: https://youtube.com/playlist?list=PLZ0hz9KHThgnFWgWswXFz9WGALfrLuXht
‚û• Spotify: https://open.spotify.com/user/tq0f0xylf5dmjhwx9spykratb

Siguenos:
‚Ä∫ Instagram: https://instagram.com/letras4k_
‚Ä∫ Facebook: https://www.facebook.com/LETRAS4K/
‚Ä∫ Twitter: https://mobile.twitter.com/letras4k

Juan Gabriel : 
https://www.instagram.com/soyjuangabriel_?utm_source=ig_web_button_share_sheet&igsh=MXMzdDcwOTdwczQ5cw==
https://youtube.com/@juangabriel4391?feature=shared
https://open.spotify.com/intl-es/artist/2MRBDr0crHWE5JwPceFncq?si=wgjWxhziTX2XFb4crp1Klg

üé§Letra:

0:30 Perdona si te hago llorar
Perdona si te hago sufrir
Pero es que no est√° en mis manos
Pero es que no est√° en mis manos
Me he enamora'o
Me he enamora'o
Me enamor√©

Perdona si te causo dolor
Perdona si te digo adi√≥s
¬øC√≥mo decirle que te amo?
¬øC√≥mo decirle que te amo?
Si me ha preguntado
Yo le dije que no
Yo le dije que no

Soy honesto con ella y contigo
A ella la quiero y a ti te he olvidado
Si t√∫ quieres, seremos amigos
Yo te ayudo a olvidar el pasado

No te aferres
Ya no te aferres
A un imposible
Ya no te hagas
Ni me hagas m√°s da√±o
Ya no

T√∫ bien sabes que no fue mi culpa
T√∫ te fuiste sin decirme nada
Y a pesar que llor√© como nunca
Ya no segu√≠as de m√≠, enamorada

Luego te fuiste
Y que regresabas
No me dijiste
Y sin m√°s nada
¬øPor qu√©? No s√©
Pero fue as√≠
As√≠ fue

Te brind√© la mejor de las suertes
Yo me propuse no hablarte y no verte
Y hoy que has vuelto, ya ves, solo hay nada
Ya no debo, no puedo quererte

Ya no te amo
Me he enamora'o
De un ser divino
De un buen amor
Que me ense√±√≥
A olvidar
Y a perdonar

Soy honesto con ella y contigo
A ella la quiero y a ti te he olvidado
Pero si t√∫ quieres, seremos amigos
Yo te ayudo a olvidar el pasado

No te aferres
Ya no te aferres
A un imposible
Ya no te hagas
Ni me hagas m√°s da√±o
Ya no

No, no, no, no-no
No, no, no, no-no
Na-na, na-na, ra, na-ra
Oh, no

#ASIFUE #JUANGABRIEL #LETRAS4K",Other
Young Washington | Official Teaser | In Theaters July 3 | Angel & Wonder Project,Angel,1,87748,2025-10-13T13:00:07Z,"In Theaters July 3, 2026 
Pre-Order Tickets: https://www.angel.com/250 (purchase your tickets in advance to help us make this America‚Äôs #1 movie on our country‚Äôs 250th anniversary) 

Fall in love with America again! 

Before he led a revolution, he survived one. The origin story of America‚Äôs first leader. From Jon Erwin (director of Jesus Revolution, I Can Only Imagine and House of David ) comes a powerful new historical epic based on the true story that shaped a nation. 

Introducing William Franklyn-Miller and also starring Golden Globe¬Æ winner Mary-Louise Parker (Weeds, Fried Green Tomatoes), Golden Globe¬Æ winner Kelsey Grammer (Frasier, Jesus Revolution), Golden Globe¬Æ nominee Andy Serkis (The Lord of the Rings, The Batman), and Academy Award¬Æ winner Ben Kingsley (Gandhi, Schindler's List) this film explores the courage, sacrifice, and destiny that forged a legendary leader. 

With breathtaking cinematography, gripping drama, and historical intensity, this new film reveals the untold struggle that would change the fate of the world forever.

Follow Angel On Social Media
Instagram: https://www.instagram.com/angel/
TikTok: https://www.tiktok.com/@angelstudiosinc
Facebook: https://www.facebook.com/AngelStudios.inc
X: https://x.com/AngelStudiosInc
LinkedIn: https://www.linkedin.com/company/angel-studios-page/

Follow Wonder Project On Social media
Instagram: https://www.instagram.com/watchwonderproject/
TikTok: https://www.tiktok.com@watchwonderproject
Facebook: https://www.facebook.com/WatchWonder
X: https://x.com/watchonwonder
LinkedIn: https://www.linkedin.com/company/watchwonderproject/
Threads: https://www.threads.com/@watchwonderproject",Other
Wheel of MUT Season Two Opener! Ep. #10,MMG,17,194283,2025-10-13T20:00:11Z,"WE ARE SOOO BACKK BABYYYY! Wheel of MUT Season Two Kicks off with a BANGGGG!

wow, you stud - thanks for clicking this video. quite simply, i cant help but notice how handsome you look right now - great job sport. keep up the nice work!

#mmg",Other
Cody Johnson - The Fall (Official Music Video),Cody Johnson,10,69608,2025-10-13T15:00:07Z,"Cody Johnson - The Fall (Official Music Video)

Listen to the 'Leather' Deluxe album: https://codyjohnson.lnk.to/leatherdeluxe

Subscribe to Cody's channel for all the latest: https://bit.ly/2D9PWQo

Follow Cody on socials! 
Twitter: https://www.twitter.com/CodyJohnsonBand
Instagram: https://CodyJohnson.lnk.to/instagram 
Facebook: https://CodyJohnson.lnk.to/facebook
Website: https://www.codyjohnsonmusic.com
Spotify: https://CodyJohnson.lnk.to/spotify

The official YouTube channel of Cody Johnson.
 
Cody Johnson has established a following of passionately loyal fans who regularly sell out shows across the country. The artist that media has touted ‚Äújust might be the future of real country music‚Äù has skyrocketed success with numerous celebrated albums: Leather Deluxe Edition, Leather, Human The Double Album, A Cody Johnson Christmas, Cody Johnson & The Rockin‚Äô CJB Live, and Ain‚Äôt Nothin‚Äô To It plus an award-winning feature-length documentary ‚ÄúDear Rodeo: The Cody Johnson Story.‚Äù Cody has 42 Gold and Platinum certifications, has nearly 8 billion global streams and three #1 singles. 

Cody‚Äôs brand-new studio project Leather Deluxe Edition is out now. The deluxe album contains 13 brand new tracks and also includes all 12 songs from his Leather album released last November for a total of 25 songs. Produced by Trent Willmon, the album is available in stores, including vinyl, and at all digital retailers and streaming platforms HERE.

Cody has five nominations for the upcoming ‚ÄúThe 58th Annual CMA Awards‚Äù including Male Vocalist of the Year, Album of the Year for Leather, Single of the Year for ‚ÄúDirt Cheap‚Äù and two nominations in Music Video of the Year for both ‚ÄúThe Painter‚Äù and ‚ÄúDirt Cheap.‚Äù The CMA Awards will be broadcast live from Nashville‚Äôs Bridgestone Arena Wednesday, November 20 on ABC and the next day on Hulu.

His numerous industry honors include recognition as a CMT Artist of The Year, three CMT Music Awards wins, two CMA Awards, being named ‚ÄúBest New Country Artist‚Äù at the iHeart Music. His #1 His television appearances have entertained fans on the Today Show, the Kelly Clarkson Show and the Tonight Show Starring Jimmy Fallon in addition to outstanding live tv performances at the iHeart Music Awards, the ACM Awards, CMA Awards, CMT Music Awards, CMT Giants honoring Vince Gill, and the CMT Artist of the Year Special. 

¬© 2025 CoJo Music / 2025 Warner Music Nashville LLC

#CodyJohnson #TheFall #Leather #CountryMusic",Entertainment
Adventure Time: Fionna & Cake Season 2 | Official Trailer | HBO Max,HBO Max,24,745763,2025-10-12T17:45:05Z,"Be a part of the madness again. A new season of Adventure Time: Fionna & Cake premieres October 23 on HBO Max.

About HBO Max:
HBO Max is the premier global streaming platform from Warner Bros. Discovery that delivers the most unique and captivating stories, ranging from the highest quality in scripted programming, movies, documentaries, true crime, adult animation, and live sports and news (where available). HBO Max is the destination for prestigious entertainment brands such as HBO, Warner Bros., Max Originals, DC, Harry Potter, as well as iconic shows like ‚ÄúFriends‚Äù and ‚ÄúThe Big Bang Theory,‚Äù all in one place.

GET HBO MAX
https://hbomax.com/

FOLLOW HBO MAX
Follow HBO Max on YouTube: https://hbom.ax/YouTube
Follow HBO Max on Instagram: https://hbom.ax/Instagram
Follow HBO Max on TikTok: https://hbom.ax/Tiktok
Follow HBO Max on Twitter: https://hbom.ax/x
Follow HBO Max on Facebook: https://hbom.ax/Facebook",Technology
STEAL A BRAINROT GIVEAWAY LIVE | STEAL A BRAINROT FREE SECRETS + FREE BRAINROT GODS,Freezy,22,361586,2025-10-14T02:34:48Z,"STEAL A BRAINROT GIVEAWAY LIVE | STEAL A BRAINROT FREE SECRETS + FREE BRAINROT GODS GIVEAWAY! (ROBLOX)

steal a brainrot, steal a brainrot tips, steal a brainrot code, steal a brainrot hack, steal a brainrot magma, steal a brainrot codes, steal a brainrot owner, caylus steal a brainrot, steal a brainrot roblox, roblox steal a brainrot, steal a brainrot secret, steal a brainrot update, steal a brainrot script, steal a brainrot modded, steal a brainrot glitch, modded steal a brainrot, steal a brainrot hidden, steal a brainrot rainbow, steal a brainrot exploit, vindooly steal a brainrot, steal a brainrot vindooly, how to get free secrets in steal a brainrot, steal a brainrot giveaway live, steal a brainrot live, steal a brainrot update, steal a brainrot live stream, steal a brainrot free secrets, how to get secrets in steal a brainrot roblox, how to get free brainrot gods in steal a brainrot, roblox steal a brainrot, steal a brainrot roblox, streal a brainrot roblox giveaway, steal a brainrot giveaway, steal a brainrot giveaway live, steal a brainrot secret giveaway, steal a brainrot live giveaway, steal a brainrot brainrot god giveaway, steal a brainrot stream, steal a brainrot live, steal a brainrot 24/7 stream, steal a brainrot, steal a brainrot god, w steal a brainrot, steal a brainrot game, steal a brainrot gifting, steal a brainrot mod, steal a brainrot glitch, caylus steal a brainrot, steal a brainrot cheats, steal a brainrot hack, steal a brainrot 24/7, derk steal a brainrot, steal a brainrot admin abuse, when is the next admin abuse in roblox steal a brainrot",Technology
NMIXX(ÏóîÎØπÏä§) ‚ÄúBlue Valentine‚Äù M/V,JYP Entertainment,10,4331649,2025-10-13T09:00:02Z,"NMIXX(ÏóîÎØπÏä§) ‚ÄúBlue Valentine‚Äù M/V

NMIXX Official YouTube ‚ñ∂ https://www.youtube.com/c/NMIXXOfficial
NMIXX Official X ‚ñ∂ https://x.com/NMIXX_official
NMIXX Official X(Members) ‚ñ∂ https://x.com/WE_NMIXX
NMIXX Official Instagram ‚ñ∂ https://www.instagram.com/nmixx_official/
NMIXX Official Facebook ‚ñ∂ https://www.facebook.com/NMIXXOfficial/
NMIXX Official TikTok ‚ñ∂ https://www.tiktok.com/@nmixx_official
NMIXX Official Weibo ‚ñ∂ https://weibo.com/NMIXXOfficial
NMIXX Official Website ‚ñ∂ https://nmixx.jype.com/
NMIXX Official FANS ‚ñ∂ https://www.jypfans.com/community/nmixx
 
‚ìí 2025 JYP Entertainment. All Rights Reserved

#NMIXX #ÏóîÎØπÏä§
#BlueValentine 
#NMIXX_BlueValentine",Other
X-MEN 97 SEASON 2 TRAILER 2026 | Apocalypse vs The Marvel Universe!,Emergency Awesome,24,46507,2025-10-14T00:15:20Z,"X-Men 97 Season 2 Trailer 2026 NYCC. Apocalypse vs The Marvel Universe, Gambit Horseman of Death, Wolverine, Cyclops, Jean Grey, Cable, Kang, Celestials, X-Men 97 Season 3 Teaser & Daredevil Born Again Season 2 Trailer ‚ñ∫ https://bit.ly/AwesomeSubscribe
Daredevil Born Again Season 2 Trailer https://www.youtube.com/watch?v=VEu8EUBO908&list=PLOIeYdZ3QczwWT3yd94Xc6n-ooI85uV_u&index=1&pp=gAQBiAQB
Peacemaker Season 2 Episode 8 https://www.youtube.com/watch?v=iaxCBdOo59Q&list=PLOIeYdZ3QczwCLH9RIm-7ui56ameRYmdQ&index=1&pp=gAQBiAQB
Knight Of The Seven Kingdoms Trailer https://www.youtube.com/watch?v=eiIK1NxnzXk&list=PLOIeYdZ3QczxGuSDE8NtOuthqbKFChC0q&index=1&pp=gAQBiAQB
Invincible Season 4 Trailer https://www.youtube.com/watch?v=3tk0qHyOS8Q&list=PLOIeYdZ3QczxQXxyV_2D8kuEs_QsuQIyJ&index=1&pp=gAQBiAQB
Marvel Zombies Episode 1 - 4 https://www.youtube.com/watch?v=yJcEW4f9lTU&list=PLOIeYdZ3QczwWT3yd94Xc6n-ooI85uV_u&index=1&pp=gAQBiAQB0gcJCesJAYcqIYzv
Alien Earth Episode 8 https://www.youtube.com/watch?v=CB2hqx5V4R0&list=PLOIeYdZ3QczzNwEARuHxVretci623PP2b&index=13&pp=gAQBiAQB
Avengers Doomsday Trailer https://www.youtube.com/watch?v=MNlybgIx1-0&list=PLOIeYdZ3QczwWT3yd94Xc6n-ooI85uV_u&index=1&pp=gAQBiAQB
Spider-Man Brand New Day Trailer https://www.youtube.com/watch?v=B_59lBNjosE&list=PLOIeYdZ3QczxQXxyV_2D8kuEs_QsuQIyJ&index=1&pp=gAQBiAQB
Superman Easter Eggs https://www.youtube.com/watch?v=QgoyaMHk2RQ&list=PLOIeYdZ3QczwCLH9RIm-7ui56ameRYmdQ&index=2&pp=gAQBiAQB0gcJCdgJAYcqIYzv 
Emergency Awesome New Videos https://www.youtube.com/watch?v=FeOfhzu7ZdY&list=PLOIeYdZ3QczxQXxyV_2D8kuEs_QsuQIyJ&index=7

Covering Marvel X-Men 97 Season 2 Teaser Breakdown. Age of Apocalypse. X-Men 97 Episode 10 Finale Part 3 Breakdown and Easter Eggs. X-Men vs Bastion, Professor X vs Magneto, Iron Man, Captain America Avengers Cameo Scene, Daredevil, Spider-Man and Mary Jane Return. Other Cameo Scenes, Fantastic Four Reed Richards. Episode 10 Post Credit Scene Apocalypse Explained. The Three Apocalypse Timeline changes explained. 

Magneto Rips Out Wolverine's Adamantium, The Hulk Cameo Scene. Comic Book References. How this sets up Onslaught, X-Men 97 Episode 10 Finale Trailer. Doctor Doom Cameo Scene, Villain Cameos, Omega Red, Silver Samurai, Theo James Bastion. Mister Sinister Bastion Master Plan, Nimrod and Master Mold. X-Men The Animated Series Easter Eggs. Spider-Man The Animated Series and Venom Easter Eggs. Ending Explained. X-Men 97 Episode 9 Finale Trailer Part 2 Tolerance is Extinction. Deadpool and Wolverine Trailer Easter Eggs. 

Live Action X-Men Movies. X-Men Avengers Doomsday Trailer Connection. New Daredevil Suits, The New White Tiger. What Punisher was doing since Netflix Punisher Season 2 Ending. Jon Bernthal Punisher History Explained. New Punisher Movie Marvel Spotlight 2026.

Defenders Teaser. New Punisher Story Arc Explained, Why Marvel is bringing back Iron Fist, alternate versions of Iron Fist, Ancient Iron Fist, Black Panther Series 2024 Explained, Eyes of Wakanda Episodes, Marvel Netflix Iron Fist Plans. Iron Fist Return and Iron Fist Season 3 Deleted Scenes. Luke Cage Returns. Why Daredevil and Netflix Marvel Series are all canon to the MCU now. Luke Cage, Jessica Jones, The Punisher, Iron Fist. Kingpin Returns, new Daredevil Red Suit Explained. Netflix Daredevil Connections. Daredevil Born Again Teaser. How Marvel Netflix characters are coming back in the MCU.

Lots more Marvel Trailers coming Avengers Doomsday Trailer, Avengers 6 Secret Wars Trailer, Spider-Man Brand New Day Trailer & lots more NYCC Trailers!

More X-Men 97 Season 2 videos soon!

Twitch Channel https://twitch.tv/emergencyawesome
Twitter  https://x.com/awesomemergency
Facebook  https://facebook.com/emergencyawesome
Instagram  https://instagram.com/emergencyawesome
Tumblr  https://robotchallenger.com
My Website https://emergencyawesome.com

:: Video Playlists For Shows ::

New Emergency Awesome Videos https://www.youtube.com/playlist?list=PLOIeYdZ3QczxQXxyV_2D8kuEs_QsuQIyJ
House of The Dragon Episodes https://www.youtube.com/playlist?list=PLOIeYdZ3QczxqJeNeCsF_ghizcTS9nM4X
Loki Episodes https://www.youtube.com/playlist?list=PLOIeYdZ3Qczy8mUNqHU-35xtTd-JpJU3l
The Mandalorian Episodes https://www.youtube.com/playlist?list=PLOIeYdZ3QczzsN78nOjS-ABHwKaB7KONW
Game of Thrones Episodes https://www.youtube.com/playlist?list=SPOIeYdZ3QczxGuSDE8NtOuthqbKFChC0q
Marvel Movies and Avengers https://www.youtube.com/playlist?list=PLOIeYdZ3QczwWT3yd94Xc6n-ooI85uV_u
The Boys Season 5 Episodes https://www.youtube.com/playlist?list=PLOIeYdZ3Qczw-KMQyuCrxcxV3mSQWTAdR
Spider Man Videos https://www.youtube.com/playlist?list=PLOIeYdZ3QczzbRhRiGhj3-MaZ_24kadOy
The Batman and DC Movies https://www.youtube.com/playlist?list=PLOIeYdZ3QczwCLH9RIm-7ui56ameRYmdQ
Justice League Snyder Cut Videos https://www.youtube.com/playlist?list=PLOIeYdZ3QczwCLH9RIm-7ui56ameRYmdQ

THANKS FOR WATCHING!!",Technology
Getting The New SPOOKY AND PUMPKY in Steal a Brainrot,CaylusBlox,20,685167,2025-10-13T18:19:58Z,"100k ROBUX GIVEAWAY HERE: https://discord.com/invite/dumpgame

ü§ØNEW HOODIE & PLUSHIE
https://shopcaylus.com

üéØ Play Waterpark Simulator NOW! 
https://store.steampowered.com/app/3293260/Waterpark_Simulator/
 ‚≠êÔ∏è Play Waterpark Simulator DEMO NOW! ‚Äì https://store.steampowered.com/app/3293260/Waterpark_Simulator/
 üåä COME HANG OUT WITH ME IN THE DISCORD. I am there now! ‚Äì https://discord.gg/waterparksimulator

*CAYLUS PLUSHIES* https://shopcaylus.com/

Roblox Group: https://www.roblox.com/communities/11190175/Caylus-Group#!/about

üëÄSubscribe to my NEW secret Roblox channel https://www.youtube.com/@CaylusBloxTopVids

Use ‚≠ê*STARCODE*‚≠ê Caylus
Caylus InstagramüëÄ https://www.instagram.com/caylus/?hl=en
Caylus Twitterüê¶ https://x.com/caylusq",Technology
"The Weeknd, Playboi Carti - Timeless (Lyrics)",7clouds,10,153194,2025-10-11T13:00:22Z,"üéµ Follow the official 7clouds playlist on Spotify : http://spoti.fi/2SJsUcZ
‚Äãüéß The Weeknd, Playboi Carti - Timeless (Lyrics)
‚è¨ Download / Stream: http://theweeknd.co/Timeless
üîî Turn on notifications to stay updated with new uploads!

‚ù§Ô∏è Follow our Spotify playlists: http://bit.ly/7cloudsSpotify
üí™ Workout Music: http://workout.7clouds.link
üéÆ Gaming Music: http://gaming.7clouds.link
üåç Best Pop Music: http://pop.7clouds.link
ü§¨ Hardstyle Music: http://hardstyle.7clouds.link
ü•Å Drum & Bass: http://dnb.7clouds.link
üîä Hypertechno: http://techno.7clouds.link
üò° Phonk Music: http://phonk.7clouds.link
‚òÅÔ∏è 7clouds Releases: http://release.7clouds.link


üëâ The Weeknd:
https://story.snapchat.com/@theweeknd
https://instagram.com/theweeknd
https://facebook.com/theweeknd
https://tiktok.com/@theweeknd
https://twitter.com/theweeknd
https://triller.co/@theweeknd
https://theweeknd.com

‚òÅÔ∏è 7clouds:
https://open.spotify.com/user/7cloudsmusic
https://soundcloud.com/7cloudsmusic
https://audiomack.com/7cloudsmusic
https://facebook.com/7cloudsofficial
https://discord.com/invite/d5Arh8Y
https://twitter.com/7cloudsmusic
https://instagram.com/7clouds
https://tiktok.com/@7clouds
https://7clouds.org

.........
üé§ Lyrics: The Weeknd, Playboi Carti - Timeless 

[Intro: The Weeknd]
XO
Ooh, yeah, ooh, yeah, no

[Verse 1: Playboi Carti & The Weeknd]
Ever since I was a jit, knew I was the shit (Ooh, yeah)
Shorty keep wanna come 'round, she wanna get hit (Wanna get hit so hard)
She think she the main because I keep her by my side
Double-O, bust down the watch, she know that I'm timeless (Timeless)
I put my son in some Rick
I pull that gun off the hip
Pockets hold twenty-two clips (Ah)
I break her heart, Comme Gar√ßon
Put on a shirt, get put on a blimp
Bitch like a stain, get ready to lick
I had to tell her that ever since I was a jit, kn–µw I was the shit (Oh)
She singin' my songs, she wanna di–µ lit, tryna get hit
House like a bank, deposit this bitch, 'posit that check
Smile on my face, ain't playing shit, come and get checked (Uh)
Ice on my neck, double-O wrist
She in the Scat, hell of a 'Cat
Fresh out the trench, four hundred packs
Uh, yeah, I'm spinnin' in Paris (Uh)
Dress for these hoes, they finna flock
Just poured a four in a soda, it pop
Them drugs finna hit, I'm feelin' ill
I'm wrestlin' all of my demons, I feel like The Rock

[Chorus: The Weeknd & Playboi Carti]
(Shit, uh, yeah)
Ever since I was a kid, I been legit (Jit, ooh, nah)
If I was you, I would cut up my wrist (Dumb bit')
XO tatted all over her body, yeah (Yeah)
She just wanna roll and I don't mind it, yeah
Ever since I was a jit, I been legit (Ooh, nah, uh)
You should let her go, she wanna be it (Oh, yeah)
Double-O tatted on her body, yeah
It don't matter what they say, I'm timeless, yeah (Schyeah)

[Verse 2: The Weeknd & Playboi Carti]
Oh, city on fire when I'm comin' home
Fill up the sky (Yeah), I fill up the Dome
They'll play it one day (Yeah), it's a hell of a show
But it's gonna hurt 'cause we did it first
Feel like Skateboard P, BBC boys on the creep
Feel like it's '03, Neptune drum with a beam (Yeah)
She hippie-flippin' a bean, she wanna fuck with the team
She fell in love with the cream (Yeah), she fell in love with the scene
Ooh, yeah, her man quiet, not a peep (Oh, nah)
Broke his heart, PTSD (Oh, nah)
Hold his chest, let it breathe
Let it breathe, niggas scheme
And I got a priest, he got a cross
Get out of line, send him to God
I shed a tear, pray for a loss, ooh, yeah (Yeah)

[Chorus: The Weeknd & Playboi Carti]
Ever since I was a kid, I been legit (Homixide, Homixide, Homixide, oh, oh)
If I was you, I would cut up my wrist (Ah)
XO tatted all over her body, yeah (Body, yeah)
She just wanna roll and I don't mind it, yeah
Ever since I was a jit, I been legit (Yeah, ooh, nah)
You should let her go, she wanna be it (Oh, nah)
Double-O tatted on her body, yeah (Body, yeah)
It don't matter what they say, I'm timeless

[Outro: The Weeknd & Playboi Carti]
Timeless (Oh), timeless, timeless
Timeless, timeless, timeless, we timeless, oh
Timeless, timeless, timeless (Yeah), timeless
Timeless (Yeah), timeless, timeless, we timeless, oh
Oh (Blatt)
Oh (Yuh, lit)

.........
üìß Contact / Demo Submissions: contact@7clouds.org
.........
üíå Demos / Music Submissions: https://7clouds.portal.district.biz
.........

#theweeknd  #playboicarti  #timeless #lyrics #7clouds",Other
My Hero Academia FINAL SEASON | English Dub Trailer | Crunchyroll,Crunchyroll,1,76292,2025-10-13T23:42:38Z,"My Hero Academia FINAL SEASON English dub premieres on Saturday, October 18! Watch My Hero Academia on Crunchyroll! https://got.cr/cc-mha

ABOUT MY HERO ACADEMIA
Izuku has dreamt of being a hero all his life‚Äîa lofty goal for anyone, but especially challenging for a kid with no superpowers. That‚Äôs right, in a world where eighty percent of the population has some kind of super-powered ‚Äúquirk,‚Äù Izuku was unlucky enough to be born completely normal. But that‚Äôs not enough to stop him from enrolling in one of the world‚Äôs most prestigious hero academies.

ABOUT CRUNCHYROLL
Crunchyroll is the place to watch all your favorite anime! Stream new anime, full episodes, movies, OVAs, music, openings, endings, trailers and all the best moments in anime, subbed and dubbed!

‚ñ∂ WATCH FULL ANIME EPISODES ON YOUTUBE: https://got.cr/cc-pt

üî∂ GET YOUR FREE 7-DAY CRUNCHYROLL TRIAL: https://got.cr/cc-7days

#MyHeroAcademia #MHA #Crunchyroll",Technology
"Broken Wing | Critical Role | Campaign 4, Episode 2",Critical Role,20,228604,2025-10-13T19:00:42Z,"This episode is sponsored by Hit Point Press. Spooky Season is here! Get 30% off your order on tarot, oracle, and spooky items at http://hitpointpress.com/critter - Use code ‚ÄúCRITTER‚Äù

This episode is sponsored by Aether & Iron. Wishlist Aether & Iron on Steam! Play the demo available now for this decopunk narrative RPG! Coming Soon to Steam Next Fest - https://bit.ly/AetherAndIronCR  

The loved ones of Thjazi Fang must contend with the ramifications of his past plots and schemes still reverberating across Dol-Makjar and their own lives...

Use Code OVERTURE for one month free on Beacon! https://beacon.tv/join 
New Episodes Release Weekly on Thursdays.
Learn more about Campaign 4 at https://critrole.com/campaign4/  

GET MORE CAMPAIGN 4 WITH BEACON
We're excited to bring you even MORE Campaign 4 with a Beacon membership! Get access to exclusive shows like our behind-the-scenes Critical Role Cooldown and ask the Campaign 4 cast your burning questions directly through our LIVE monthly Fireside Chats.
You'll also receive NEW Beacon exclusive series, instant ad-free access to VODs & podcasts, live event pre-sales, merch discounts, & a private Discord.
Start your 7-day free trial today at https://beacon.tv/join and get unparalleled access to everything Critical Role!

OFFICIAL CAMPAIGN 4 CAST
GAME MASTER Brennan Lee Mulligan 
Laura Bailey as Thimble
Luis Carazo as Azune Nayar
Robbie Daymond as Kattigan Vale
Aabria Iyengar as Thaisha Lloy
Taliesin Jaffe as Bolaire Lathalia
Ashley Johnson as Vaelus
Matthew Mercer as Sir Julien Davinos
Whitney Moore as Tyranny
Liam O‚ÄôBrien as Halandil ""Hal"" Fang
Marisha Ray as Murray Mag‚ÄôNesson
Sam Riegel as Wicander ""Wick"" Halovar
Alexander Ward as Occtis Tachonis
Travis Willingham as Teor Pridesire

CREDITS
Produced by Maxwell James, Steve Failows, & Kyle Shire
Edited by Taylor Burke and Emily ""Stevie"" Stevenson
Visual Effects by Christian Brown
Graphic Design by Aaron Monroy & Jordyn Torrence
Miniature Painting by Payton Keo Lacebal
Theme Music by Neal Acree
Character Art by Loren Hontanilla
Additional Art & Design by Hannah Friederichs",Technology
TRIPPIE REDD - STAY THE SAME,Trippie Redd,10,180572,2025-10-13T01:51:22Z,"Trippie Redd - 
Stream/Download: https://trippieredd.lnk.to/

Follow Trippie Redd
Instagram: https://www.instagram.com/trippieredd
Facebook: https://www.facebook.com/TrippieRedd
Twitter: https://x.com/trippieredd
TIkTok: https://www.tiktok.com/@trippieatplay?lang=en  
Snapchat: https://www.snapchat.com/@trippieredd8383?locale=en-US",Other
Marvel Television‚Äôs Wonder Man | Official Trailer | Disney+,Marvel Entertainment,24,3309991,2025-10-11T18:12:35Z,"""Simon Williams. Reading for Wonder Man.""

#WonderMan premieres January 27 at 6PM PT only on @disneyplus.

‚ñ∫ SUBSCRIBE to the channel to get notified when new Marvel videos are posted: https://www.youtube.com/marvel?sub_confirmation=1

‚ñ∫ SUBSCRIBE to Disney+ to stream all of your favorite Marvel shows and movies: https://www.disneyplus.com/

Follow on social media to get the latest news and announcements from Marvel:

TikTok: https://www.tiktok.com/@marvel
Instagram: https://www.instagram.com/marvel
Facebook: https://www.facebook.com/Marvel
X: https://x.com/marvel

Experience more stories by subscribing: 

/ @Disney
/ @StarWars
/ @pixar
/ @disneyplus",Technology
Steal a Brainrot (Sammy Says),KreekCraft,20,955682,2025-10-13T22:37:09Z,"roblox steal a brainrot sammy says live
‚úÖ BECOME A MEMBER - https://www.youtube.com/kreekcraft/join
üß¢ KREEKCRAFT MERCH - https://kreekcraft.store

üê¶ TWITTER - https://twitter.com/kreekcraft
üì∏ INSTAGRAM - https://www.instagram.com/kreekcraft
üì± TIKTOK - https://www.tiktok.com/@dakreekcraft
üëª SNAPCHAT - https://www.snapchat.com/add/kreekcraft
üíú TWITCH - https://www.twitch.tv/kreekcraft
ü§≥ CAMEO - https://www.cameo.com/kreekcraft

üü• ROBLOX PROFILE - https://www.roblox.com/users/140258990
üü¶ ROBLOX GROUP - https://www.roblox.com/groups/3072234

#live #roblox #stealabrainrot #shorts 
üìß BUSINESS EMAIL - kreek@ellify360.com",Technology
"Poison Baby | Thamma | Malaika A, Ayushmann K, Rashmika M | Sachin-Jigar,Jasmine S, Divya, Amitabh B",Universal Music India,10,2762657,2025-10-13T14:20:13Z,"Before the poison hits your veins, let the beat sink in.
#PoisonBaby Out Now!

On 21st October, love turns lethal in #Thamma! üî•

üéß Listen to ""Poison Baby"" on:

‚ûü Spotify - https://open.spotify.com/track/4LI5shJ67j5pPhlw6VGZTS?si=2f7a2aaa69f54690
‚ûü YouTube Music - https://music.youtube.com/watch?v=2aetKpwNXfw&si=NCHjbk0GLSUsCnNP
‚ûü Amazon Music - https://music.amazon.com/tracks/B0FVXNYMNS?marketplaceId=A3K6Y4MI8GDYMT&musicTerritory=IN&ref=dm_sh_txnp1i5ESury0vaO5H2IKnFwe
‚ûü Apple Music - https://music.apple.com/us/song/poison-baby-from-thamma/1845813900

üé¨ Do the hookstep of #PoisonBaby on:
‚ûü Reels - https://www.instagram.com/reels/audio/1305899311000244/?igsh=MWM5aG8xOTBnOWE0

--------------------------------------------------------------------------------------------------------------------------------------------------
üéß  Audio Credits

üé∂ Music : Sachin-Jigar
üé§ Singer : Jasmine Sandlas, Sachin-Jigar, Divya Kumar
‚ûü Lyrics : Amitabh Bhattacharya  
‚ûü Programmed & Arranged -Sachin- Jigar, Abhishek Singh @ White Noise Collectives
‚ûü Backing Vocals - Sumonto Mukherjee, Abhishek Singh, Noor Parmar, Hitesh Purani
‚ûü Music Production Head : Romil Ved
‚ûü Electric Guitars - Noor Parmar @ White Noise Collectives 
‚ûü Recording Engineer - Susmeet Rewaskar @ White Noise Collectives
‚ûü Mixed & Mastered : Eric Pillai @ FSOB
‚ûü Assistant Mixing Engineer - Michael Edwin Pillai

üé¨ Video Credits

‚ûü Cast: Ayushmann Khurrana, Rashmika Mandanna, Paresh Rawal, Nawazuddin Siddiqui, Faisal Malik, Rachit Singh
‚ûü Produced By: Dinesh Vijan, Amar Kaushik
‚ûü Directed By: Aditya Sarpotdar
‚ûü Co-Producers: Sharada Karki Jalota, Pooja Prem Patheja
‚ûü Director of Photography: Jishnu Bhattacharjee
‚ûü Music / Background Score: Sachin‚ÄìJigar
‚ûü Lyrics: Amitabh Bhattacharya
‚ûü Costume Designer: Sheetal Iqbal Sharma
‚ûü Director of Choreography: Sekhar Master
‚ûü Publicity Design: Himanshu & Rahul Nanda (H-One)


--------------------------------------------------------------------------------------------------------------------------------------------------
üìù Lyrics

SHER

MALE 
Hum dil ke bure nahin
Bas ek kharaabi hai
Aadat se nahin
Hum shauq se sharaabi hain


MUKHDA 

FEMALE 
(Kya hoga saaqiyon ka jo hum
Peena chhod dein) √ó2

Peena chhodne se behtar hai
Jeena chhod dein

(Gin'ne padein gilaas toh
Ginti na chhod dein) √ó2

Peena chhodne se behtar hai
Jeena chhod dein

CHORUS
Teri aankhein ..Poison baby
Baatein ..Poison baby
Nakhre tere lazeez hai

Tere latke.. poison baby
Jhatke.. poison baby
Har sitam bhi azeez hai

ANTARA
FEMALE 
Maarte hi chuski
Pyaale se som ras ki
Umr ho gayi kam
Maano kayi baras ki

Pee hi jab liya toh
Baat karke vo dikha dein
Jo nahi thi peene se
Pehle apne bas ki

CHORUS
Pehle apne bas ki

FEMALE
(Toke jo uske sar pe
Botan na phod dein) √ó2

Peena chhodne se behtar hai
Jeena chhod dein..

(Kya hoga saaqiyon ka jo hum
Peena chhod dein) √ó2

Peena chhodne se behtar hai
Jeena chhod dein

CHORUS
Teri aankhein ..Poison baby
Baatein ..Poison baby
Nakhre tere lazeez hai

Tere latke.. poison baby
Jhatke.. poison baby
Har sitam bhi azeez hai


--------------------------------------------------------------------------------------------------------------------------------------------------

¬© Universal Music India Pvt. Ltd.",Technology
Predator: Badlands | Prey to None,20th Century Studios,1,93946,2025-10-13T15:08:59Z,"‚ÄúWe wanted to give people a big-screen experience that would be absolutely insane.‚Äù

Set in the future on a deadly remote planet, ‚ÄúPredator: Badlands‚Äù follows a young Predator outcast (played by newcomer Dimitrius Schuster-Koloamatangi) who finds an unlikely ally in Thia (Emmy and Golden Globe nominee Elle Fanning) as he embarks on a treacherous journey in search of the ultimate adversary. Produced by John Davis, Dan Trachtenberg, Marc Toberoff, Ben Rosenblatt and Brent O‚ÄôConnor, ‚ÄúPredator: Badlands‚Äù opens exclusively in movie theaters on November 7 in‚ÄØIMAX, Dolby Cinema,‚ÄØRealD (3D),‚ÄØCinemark XD, 4DX,‚ÄØScreenX and premium screens everywhere.",Other
Sacrifice ft. G.E.M. (ÈÑßÁ¥´Ê£ã) (Official Music Video) | League of Legends Worlds 2025 Anthem,League of Legends,20,2949446,2025-10-13T12:55:06Z,"When everything is on the line, eternity awaits. 

Witness what it takes to earn that legacy in this new music video for the official Worlds 2025 anthem: ‚ÄúSacrifice‚Äù ft. G.E.M. (ÈÑßÁ¥´Ê£ã)

Watch #Worlds2025 live at https://lolesports.com on Oct 14 - Nov 9.

LISTEN NOW: https://league.ffm.to/sacrifice

Created in partnership with Eddy.tv

PRODUCTION CREDITS:
‚ÄúSacrifice‚Äù
Featured artist: G.E.M.
Written by: Alex Seaver of Mako and Sebastien Najand
Lyrics by: Alex Seaver of Mako
Produced by: Alex Seaver of Mako
Additional production by: Jayson DeZuzio
Mixed by: Tony Maserati
Mastered by: Mike Bozzi at Bernie Grundman Studios
Vocals performed by: G.E.M.
Executive produced by: Riot Games Music
P/C Riot Games 2025

http://www.youtube.com/@gem0816

LYRICS:
What‚Äôs in your heart? What‚Äôs left to give?
When everything‚Äôs broken
Chasing the wind
Under those scars, there‚Äôs a lion within
Stay in the moment
And history lasts because you wrote it

Make your whole life worth the Sacrifice
Every scream you cry worth the blood you‚Äôve given
To bathe in the floodlights, would you Sacrifice it all?
(Oh, it all)
‚ÄòTill they know your name
(Oh) Would you Sacrifice It All?
(Oh) Would you Sacrifice It All?

Fabled the ground below your feet
The heroes you worship
And legends you read
There‚Äôs only one step below eternity
And history lasts because you walked it

Make your whole life worth the Sacrifice
Every scream they cry worth the blood you‚Äôve given
To bathe in the floodlights, would you Sacrifice it all?
(Oh, it all)
‚ÄòTill they know your name
(Oh) Would you Sacrifice It All?
(Oh) Would you Sacrifice It All?
(Oh) Would you Sacrifice It All?
(Oh, it all)
‚ÄòTill they know your name",Entertainment
"Enrique Iglesias - Bailando (Letra) ft. Descemer Bueno, Gente De Zona",Keller Lyrics,10,1209871,2025-10-11T19:00:06Z,"Bailando - Enrique Iglesias, Descemer Bueno, Gente De Zona (Letra/Lyrics)

Mira el v√≠deo oficial: https://www.youtube.com/watch?v=NUsoVlDFqZg

üéßSigue a Enrique Iglesias:
Youtube: https://www.youtube.com/channel/UC-6czyMkxDi8E8akPl0c7_w
Instagram: https://www.instagram.com/enriqueiglesias/

üì¢ No olvides suscribirte al canal para m√°s lyrics de tus canciones favoritas üîî

Letra de la canci√≥n:
Jejeje
Enrique Iglesias (¬°One love, one love!)
¬°Gente De Zona!
Descemer

Yo te miro y se me corta la respiraci√≥n
Cuando t√∫ me miras, se me sube el coraz√≥n (Me palpita lento el coraz√≥n)
Y en un silencio tu mirada dice mil palabras (Uh)
La noche en la que te suplico que no salga el sol

Bailando (Bailando)
Bailando (Bailando)
Tu cuerpo y el m√≠o llenando el vac√≠o
Subiendo y bajando (Subiendo y bajando)
Bailando (Bailando)
Bailando (Bailando)
Ese fuego por dentro me 't√° enloqueciendo
Me va saturando
Con tu f√≠sica y tu qu√≠mica, tambi√©n tu anatom√≠a
La cerveza y el tequila y tu boca con la m√≠a
Ya no puedo m√°s (Ya no puedo m√°')
Ya no puedo m√°s (Ya no puedo m√°')
Con esta melod√≠a, tu color, tu fantas√≠a
Con tu filosof√≠a, mi cabeza est√° vac√≠a
Y ya no puedo m√°' (Ya no puedo m√°s)
Ya no puedo m√°' (Ya no puedo m√°s)

Yo quiero estar contigo, vivir contigo
Bailar contigo, tener contigo una noche loca (Una noche loca)
Ay, besar tu boca (Y besar tu boca)
Yo quiero estar contigo, vivir contigo
Bailar contigo, tener contigo una noche loca
Con tremenda nota

Oh-oh-oh-oh
Oh-oh-oh-oh
Oh-oh-oh, oh
Oh-oh-oh-oh

T√∫ me miras y me llevas a otra dimensi√≥n (Estoy en otra dimensi√≥n)
Tus latidos aceleran a mi coraz√≥n (Tus latidos aceleran a mi coraz√≥n)
Qu√© iron√≠a del destino no poder tocarte (¬°Wuh!)
Abrazarte y sentir la magia de tu olor

Bailando (Bailando)
Bailando (Bailando)
Tu cuerpo y el m√≠o llenando el vac√≠o
Subiendo y bajando (Subiendo y bajando)
Bailando (Bailando)
Bailando (Bailando)
Ese fuego por dentro me 't√° enloqueciendo
Me va saturando

Con tu f√≠sica y tu qu√≠mica, tambi√©n tu anatom√≠a
La cerveza y el tequila y tu boca con la m√≠a
Ya no puedo m√°s (Ya no puedo m√°')
Ya no puedo m√°s (Ya no puedo m√°')
Con esta melod√≠a, tu color, tu fantas√≠a
Con tu filosof√≠a, mi cabeza est√° vac√≠a
Y ya no puedo m√°' (Ya no puedo m√°s)
Ya no puedo m√°' (Ya no puedo m√°s)

Yo quiero estar contigo, vivir contigo
Bailar contigo, tener contigo una noche loca (Una noche loca)
Ay, besar tu boca (Y besar tu boca)
Yo quiero estar contigo, vivir contigo
Bailar contigo, tener contigo una noche loca
Con tremenda nota

Oh-oh-oh-oh
Oh-oh-oh-oh
Oh-oh-oh, oh
Oh-oh-oh-oh
Oh-oh-oh-oh
Oh-oh-oh-oh
Oh-oh-oh, oh
Oh-oh-oh-oh
Oh-oh-oh-oh (Bailando, amor)
Oh-oh-oh-oh (Bailando, amor)
Oh-oh-oh, oh (Es que se me va el dolor)
Oh-oh-oh-oh

#Bailando #EnriqueIglesias #DescemerBueno #GenteDeZona #Letra #Lyrics #MusicaLatina #PopLatino #MusicaRomantica #MusicaViral #CancionViral #CancionDelMomento #HitLatino #NuevaMusica #Musica2025 #LyricVideo #VideoConLetra #LetraOficial #EnriqueIglesias2025 #BailandoLetra #BailandoLyrics #EnriqueIglesiasBailando #Musica #LatinPop",Technology
"John Wick: Chapter 5 (2025) - First Trailer | Keanu Reeves, Dwayne Johnson, Jason Statham",KH Studio,1,172854,2025-10-12T15:00:23Z,"#johnwick5 #keanureeves #dwaynejohnson

Trio rumored for John Wick 5: Reeves, Johnson, Statham unite.

Editing, VFX, SFX, Thumbnail by @KHStudio please subscribe:
‚úÖ YouTube: https://bit.ly/KHstudio

üé• Attention viewers!

Please note that this video is a concept trailer created solely for artistic and entertainment purposes. I have meticulously incorporated various effects, sound design, AI technologies (Google Veo 3), movie analytics, and other elements to bring my vision to life. Its purpose is purely artistic, aiming to entertain and engage with the YouTube community. My goal is to showcase my creativity and storytelling skills through this trailer. Thank you for your support, and let's dive into the world of imagination! üçø

üî´ John Wick 5

Whispers point to a collision course that pulls John Wick back from the edge and drops him into a power struggle no marker can settle. Keanu Reeves‚Äôs legendary hitman is speculated to cross paths with Dwayne Johnson‚Äôs ruthless fixer and Jason Statham‚Äôs precision tactician‚Äîtwo forces who may hunt each other as much as the High Table‚Äôs enemies. The hook many fans picture: three codes of honor colliding, where the only rule is consequence.

Speculation favors grounded, muscular set pieces‚Äîsilent entries, trap-laden safehouses, and knife-close fights that end as abruptly as they begin. Neon-soaked alleys, cathedral stairwells, and rain-hammered rooftops could stage a global chase threaded with uneasy alliances and double-crosses. Expect the mythology to widen without losing the ritual‚Äîcoins, markers, and doors that open only once.

Nothing is confirmed, but talk hints at a finale that weighs survival against peace: Wick asked to choose between ending the game or becoming its last, immovable piece. If realized, this chapter could fuse methodical craft with explosive momentum while leaving the board hot for future crossovers.

Feel free to express your thoughts on this exciting project by leaving a comment below.",Technology
It's actually over..,Asmongold Clips,24,484456,2025-10-14T00:05:54Z,"Asmongold Clips / Asmongold Reacts To: People found a clip of Hasan moving what appears to be a shock dog collar remote


On this Asmongold Clips Youtube Channel you'll never quit finding all the funny Asmongold Moments with Mcconnell and the best Asmongold Highlights from the most popular games, like: Baldur's Gate 3, Helldivers 2, Starfield, Blizzard Diablo 4, The War Within & Hardcore Classic WoW, the record breaking MMORPG FFXIV, Path of Exile 2, sneak peeks from Gameplay of the upcoming Riot MMO and playthroughs of many other popular games like Monster Hunter, Final Fantasy 16, Elden Ring and more. Also Asmongold Reacts to a lot of content, such as World Record Speed Run of games, Drama and videos of some of the most interesting creators like penguinz0, Internet Historian, Emiru, Dunkey and more. Asmon is also known for his ""The True Story of Asmongold"", ""Asmongold $2 Pizza"" and ""Asmongold $2 Steak"", ""Asmongold Room and House Tour"" videos, the legendary Transmog Competitions and Mount Off competitions, Ban Appeals, Media Share streams, Reddit Recap Reactions and much more.

‚ñ∫ Asmongold TV: https://www.youtube.com/@AsmonTV
‚ñ∫ Twitch: https://www.twitch.tv/zackrawrr

Editor: Daily Dose of Asmongold
Contacts: 
https://twitter.com/DAsmongold
dailydoseofasmongoldyt@gmail.com",Other
Rutshelle Guillaume- D√©termin√©e,Rutshelle Guillaume,10,317675,2025-10-12T16:00:07Z,"D√©termin√©e‚Äù is more than music. It‚Äôs a declaration of courage, resilience, and the will to rise above all obstacles. Written in collaboration with Salatiel, this track blends Haitian soul and Afro-Caribbean vibes to deliver a message of strength and perseverance.",Other
"Bison Kaalaamadan - Trailer | Dhruv, Anupama Parameswaran | Mari Selvaraj | Nivas K Prasanna",Think Music India,10,2967577,2025-10-13T14:30:04Z,"Presenting the Trailer of #BisonKaalamaadan (Tamil). Written & Directed by Mari Selvaraj featuring Dhruv Vikram, Pasupathy, Ameer, Lal, Anupama Parameswaran, Rajisha Vijayan, Azhagam Perumal, Aruvi Madhan, Anurag Arora & Others.

Movie Credits :

Director : Mari Selvaraj

Produced by Sameer Nair, Deepak Segal, PA. Ranjith, Aditi Anand

Co Produced by Sunil Chainani, Pramod Cheruvalath, Prasoon Garg, Manind Bedi 

Banner : Applause Entertainment and Neelam Studios

Release by ‚ÄúFive Star‚Äù K.Senthil

Cast : Dhruv Vikram, Pasupathy, Ameer, Lal, Anupama Parameswaran, Rajisha Vijayan, Azhagam Perumal, Aruvi Madhan, Anurag Arora.

Song Composed, Produced and Arranged by Nivas K Prasanna

Lyricists : Mari Selvaraj, Arivu

DOP : Ezhil Arasu K

Art Director : Kumar Gangappan 

Editor : Sakthi Thiru

Action Choreography : Dhilip Subbarayan 

Dance Choreography : Sandy 

Audiography : Suren.G

Sound Designer : Suren.G, Alagiakoothan 

Costume Designer : Aegan Ekambaram 

Costume Chief : Pandiyan

Makeup : Kalaiazhagan 

Stills : R.S.Raja

VFX : Harihara Suthan (Lorven) 

DI Colourist : Ranga (Prasad) 

DI Line Producer : Gunalan S

Publicity Designer : Kabilan

Executive Producer : Rakesh Raghavan

Associate Producer : VPR

Creative Producers : Sneha Vashist, Vighnesh Menon 

Production Executives : Sivakumar, Barath 

Production Managers : Kamaraj, SM.Pravin Balu

Assistant Production Manager : Raghuvaran, M.Nitheash 

Marketing (Applause): Devnidhi Bajoria

Creative Promotions : Beatroute

Trailer Cut : Sakthi Thiru

Digital Agency : TING

Public Relations (Mumbai) : Communique Film PR

PRO : Guna, Yuvraaj (Chennai), Sathish (AIM)

Subtitles by Subemy Subtitling Cards - Nandini Karky 


Audio Label : Think Music

¬© 2025 SPI Music Pvt. Ltd.

For All Latest Updates:
Website: https://thinkmusic.in/
Subscribe to us on: http://www.youtube.com/thinkmusicindia
Follow us on: https://twitter.com/thinkmusicindia
Like us on: https://www.facebook.com/Thinkmusicofficial
Follow us on: https://www.instagram.com/thinkmusicofficial

#bisonkaalamadan #dhruv #anupamaparameswaran #mariselvaraj #nivaskprasanna #pasupathy #ameer #lal #rajishavijayan #trailer #latesttamilmovietrailers",Technology
Mixing It Up On High Limit Slots Today,Vegas Matt,24,214442,2025-10-13T18:45:03Z,"Shop Vegas Matt Merch üëâhttps://vegasmatt.shop/

Watch our livestreams üëâhttps://youtube.com/@vegasmattandfriends

2025 Stats üìâ
Results prior to this episode: $685
$10,502 LOSS last episode üò¢
-$9816 YTD 

YTD Side bet totals:
Vegas Matt $6626
EJ $5407
WBG $9651
W2Jesus -$8974
Kevin -$11,710
Lucky Rob -$400
Poofesure $200
Coach Z -$800
Big Mike -$300
Annie L $200
James $100

For our complete 2025 stats see our Discord 
üëâhttps://discord.gg/vegasmatt",Other
"Sean Rii, Sharzkii, Jenieo - Lukim U (Official Music Video)",SeanRiiVEVO,10,57082,2025-10-11T04:00:06Z,"Lukim U by Sean Rii, Sharzkii & Jenieo

üéµ Download or stream Lukim U üîΩ
https://acts.lnk.to/LukimU

üîî Subscribe for latest https://www.youtube.com/@SeanRii

Comment where you want to see Sean Rii perform LIVE!

üì≤ Connect and follow Sean Rii ‚¨áÔ∏è
https://www.facebook.com/seanriimusic
https://www.instagram.com/seanriiofficial/
https://soundcloud.com/seanriiofficial
https://www.tiktok.com/@r11sean

Check out more from Sean Rii
https://youtu.be/z3VMzw_qOeM?si=jGCLhLZArsY54kGG
https://youtu.be/SZAuKHtNF-M?si=_j2aaUTTd6kuxa-o
https://youtu.be/VUCOBpPf9d0?si=etkjun3Dtuevvoaw
https://youtu.be/xYRR7S7smWY?si=LVxYNmU9k1e6C_jg

Directed by Tene See
https://www.instagram.com/tenesee_studios
https://www.youtube.com/@TeneSeefilms

üì≤ Connect and follow Jenieo ‚¨áÔ∏è
https://www.facebook.com/jenieoofficial
https://www.instagram.com/jenieoofficial/
https://soundcloud.com/user-924632920
https://www.tiktok.com/@jenieo20

Breakin Recordz

Distributed by ACTS
https://actsdistro.com
https://www.youtube.com/@actsmusicgroup

#seanrii #sharzkii #jenieo",Entertainment
"Predator: Badlands - Official Teaser Trailer (2025) Elle Fanning, Dimitrius Schuster-Koloamatangi",IGN,24,38379,2025-10-13T19:30:04Z,"Check out the Predator: Badlands TV spot for this upcoming sci-fi action-adventure film starring Dimitrius Schuster-Koloamatangi and Elle Fanning. 

Set in the future on a deadly remote planet, Predator: Badlands follows a young Predator outcast (played by newcomer Dimitrius Schuster-Koloamatangi) who finds an unlikely ally in Thia (Emmy and Golden Globe nominee Elle Fanning) as he embarks on a treacherous journey in search of the ultimate adversary. 

Produced by John Davis, Dan Trachtenberg, Marc Toberoff, Ben Rosenblatt and Brent O‚ÄôConnor, Predator: Badlands opens exclusively in movie theaters on November 7 in‚ÄØIMAX, Dolby Cinema,‚ÄØRealD (3D),‚ÄØCinemark XD, 4DX,‚ÄØScreenX and premium screens everywhere.",Technology
Can you SPOT THE REAL TYLER?,Tyler & Snowi,20,160135,2025-10-13T23:35:00Z,"Adopt Your Own TYLER and SNOWI ‚ú® https://tylerandsnowi.store/ üëà Back for a Limited Time ‚è∞
Today in Roblox Tyler & Snowi must SPOT THE DIFFERENCE! üîéüòØ Can we BEAT ALL LEVELS and pass LEVEL 100?! This NEW ROBLOX GAME has SO MANY FUNNY MOMENTS! üëâDon't forget to SUBSCRIBE & leave a like üëç if you enjoyed!

Join our Roblox Group here! https://www.roblox.com/groups/15659093/Tyler-and-Snowi

#funnymoments #cartoon #roblox  
[0792]",Other
P Yungin - Plaqoween (Official Music Video) ,P Yungin,10,20057,2025-10-13T21:17:07Z,,Entertainment
Vocal coach reacts to WICKED FOR GOOD TRAILER,Hannah Bayles,24,19667,2025-10-13T21:05:19Z,"LONGER & MORE VIDEOS ON PATREON:
https://patreon.com/hannahbayles

Check out my course RECLAIM YOUR VOICE here:
https://hannahbayles.mykajabi.com/Reclaimyourvoice

CHECK OUT MY OTHER CHANNELS:
 @daddyhannah  
 @vocalcollectiveco  

PRIVATE LESSONS:
https://www.thevocalcollective.co/

SOCIAL:‚Å£
Instagram: https://www.instagram.com/hannah.bayles
Tiktok - https://www.tiktok.com/@hannah.bayles
Website - https://hannahbayles.com

JOIN MY EMAIL LISTS:
TVC: https://bit.ly/3RlKMVW
HANNAH HIVE: https://bit.ly/46YsQX5

Use code HANNAHBAYLES for 10% off a Singing/Straw! Use my link http://lddy.no/pym9",Technology
Stealing Big YouTubers RAREST BRAINROTS..,Foltyn,20,124084,2025-10-14T02:20:27Z,"Today I stole some of the biggest youtubers RAREST Brainrots. Make sure you watch the whole video to find out what happens.

Merch: https://foltyn.shop/

Join this channel to get access to perks:
https://www.youtube.com/channel/UCRkuUgtDAL4XSU5jB40J_wA/join

--Socials--

Discord: https://discord.gg/hqwZhrkqRr

Roblox Group: https://www.roblox.com/groups/11775558/Foltyns-Family#!/about

Roblox Name: TheRealFoltyn

Insta: https://www.instagram.com/realfoltyn/

Twitter: https://twitter.com/Foltynnn

What is Roblox? ROBLOX is an online virtual playground and workshop, where kids of all ages can safely interact, create, have fun, and learn. It‚Äôs unique in that practically everything on ROBLOX is designed and constructed by members of the community. ROBLOX is designed for 13 to 18 year olds, but it is open to people of all ages. Each player starts by choosing an avatar and giving it an identity. They can then explore ROBLOX ‚Äî interacting with others by chatting, playing games, or collaborating on creative projects. Each player is also given their own piece of undeveloped real estate along with a virtual toolbox with which to design and build anything ‚Äî be it a navigable skyscraper, a working helicopter, a giant pinball machine, a multiplayer ‚ÄúCapture the Flag‚Äù game or some other, yet-to-be-dreamed-up creation. There is no cost for this first plot of virtual land. By participating and by building cool stuff, ROBLOX members can earn specialty badges as well as ROBLOX dollars (‚ÄúRobux‚Äù). In turn, they can shop the online catalog to purchase avatar clothing and accessories as well as premium building materials, interactive components, and working mechanisms.

#Roblox #foltyn",Technology
Khalid - Young Dumb & Broke (Lyrics),Polar Records,10,64539,2025-10-12T21:00:12Z,"Khalid - Young Dumb & Broke (Lyrics)
‚ñ∂Ô∏è Stream: https://khalid.lnk.to/listenyd
Official Video: https://www.youtube.com/watch?v=IPfJnp1guPc

üî∑ Khalid (https://www.youtube.com/@khalid)
‚Ä¢ https://www.instagram.com/thegr8khalid
‚Ä¢ https://www.facebook.com/thegreatkhalid
‚Ä¢ https://soundcloud.com/thegreatkhalid 

üî∑ Polar Records
‚Ä¢ https://polarrecords.net
‚Ä¢ https://instagram.com/polarrecords

üì∑ Background
‚Ä¢ https://unsplash.com/collections/3An9EvHcryk

üíΩ Submissions
‚Ä¢ https://polarrecords.portal.district.biz

_____

0:00 üé§ Lyrics | Khalid - Young Dumb & Broke

0:07 Verse 1
So you're still thinking of me
Just like I know you should
I can not give you everything, you know I wish I could
I'm so high at the moment
I'm so caught up in this
Yeah, we're just young, dumb and broke
But we still got love to give

0:34 Chorus
While we're young dumb
Young, young, dumb and broke
Young, dumb
Young, young, dumb and broke
Young, dumb
Young, young, dumb and broke
Young, dumb, broke high school kids
Yadadadadadadada
Yadadadadadada
Yadadadadadadada
Young, dumb, broke high school kids

1:03 Verse 2
We have so much in common
We argue all the time
You always say I'm wrong
I'm pretty sure I'm right
What's fun about commitment?
When we have our life to live
Yeah, we're just young dumb and broke
But we still got love to give

1:30 Chorus
While we're young, dumb
Young, young, dumb and broke
Young, dumb
Young, young, dumb and broke
Young, dumb
Young, young, dumb and broke
Young, dumb, broke high school kids
Yadadadadadadada
Yadadadadadada
Yadadadadadadada
Young, dumb, broke high school kids

1:59 Bridge
Jump and we think, ""Leave it all in the game of love, love""
Run into sin, do it all in the name of fun, fun
Woah-oa-oa
I'm so high at the moment
I'm so caught up in this
Yeah, we're just young, dumb and broke
But we still got love to give

2:26 Chorus
While we're young, dumb
Young, young, dumb and broke
Young, dumb
Young, young, dumb and broke
Young, dumb
Young, young, dumb and broke
Young, dumb, broke high school kids
Yadadadadadadada
Yadadadadadada
Yadadadadadadada
Young, dumb, broke high school kids
Yadadadadadadada
Yadadadadadada
Yadadadadadadada
Young dumb broke high school kids",Other
STEEL BALL RUN JoJo‚Äôs Bizarre Adventure | Official Teaser | Netflix Anime,Netflix Anime,1,400649,2025-10-13T00:00:02Z,"STEEL BALL RUN JoJo‚Äôs Bizarre Adventure
Only on Netflix Coming 2026
https://www.netflix.com/title/82116553

Subscribe: https://bit.ly/33okaL0

About Netflix:
Netflix is one of the world's leading entertainment services, with over 300 million paid memberships in over 190 countries enjoying TV series, films and games across a wide variety of genres and languages. Members can play, pause and resume watching as much as they want, anytime, anywhere, and can change their plans at any time.

Find Netflix Anime:
‚û°Ô∏è:ANIME TWITTER: https://twitter.com/NetflixAnime
‚û°Ô∏è:JAPAN ANIME TWITTER: https://twitter.com/NetflixJP_Anime

Find Netflix Japan:
‚û°Ô∏è:JAPAN TWITTER: https://twitter.com/NetflixJP
‚û°Ô∏è:JAPAN INSTAGRAM: https://www.instagram.com/netflixjp
‚û°Ô∏è:JAPAN FACEBOOK: https://www.facebook.com/netflixjp
‚û°Ô∏è:JAPAN TIKTOK: https://www.tiktok.com/@netflixjapan

STEEL BALL RUN JoJo‚Äôs Bizarre Adventure | Official Teaser | Netflix Anime
https://www.youtube.com/@netflixanime",Other
How well do I know ROBLOX | ALBERTGUESSR,Flamingo,20,795792,2025-10-13T03:13:19Z,"Thank you @KadenFumblebottom for setting this all up. We play Roblox GeoGuessr by teleporting me into Roblox games to see if I can guess them.
LINKS TO ALL THE GAMES: (Some are taken down from roblox's update)
Easy mode games: 
https://www.roblox.com/games/2818056446/demonboys-secret-lair
https://www.roblox.com/games/7861929456/Haunted-House
https://www.roblox.com/games/5957525186/boofsville
https://www.roblox.com/games/23173663/Zombie-Tower-Uncopylocked
https://www.roblox.com/games/5730022959/Town-of-Robloxia-10-years-later
https://www.roblox.com/games/4655097323/holoville

Medium mode: 
https://www.roblox.com/games/130713262844151/Kingdom-Life-II
https://www.roblox.com/games/1565645159/2012-Egg-Hunt-ROBLOX
https://www.roblox.com/games/102600961772107/somethings-silly
https://www.roblox.com/games/4547770521/The-Sun-Experiment-two-player-teamwork-obby
https://www.roblox.com/games/876729828/Hallows-Eve-2017-A-Tale-of-Lost-Souls

Hard mode:
https://www.roblox.com/games/44230913/Glitch
https://www.roblox.com/games/368181773/Abandoned-Fishing-Lake-Showcase-V1-1-1-Voice
https://www.roblox.com/games/5127594237/Belly-Button-Obby-UPDATE
https://www.roblox.com/games/123485117/VAC-Entrance-Obstacle-Course
https://www.roblox.com/games/108485/HERE-where-the-world-is-quiet

Impossible mode:
https://www.roblox.com/games/36642363/Zombie-Apocalypse-LEVELS-SAVE
https://www.roblox.com/games/5764821180/for-mackenzie
https://www.roblox.com/games/4326568/Medieval-Roleplay-V4-6 
https://www.roblox.com/games/12867756/The-Old-Public-Skatepark 

Temprist's Pizza Picks:
https://www.roblox.com/games/834341774/NEW-The-PALS-Tycoon 
https://www.roblox.com/games/2846187497/NEW-MAP-Snailbreak 
https://www.roblox.com/games/1646859/Studville-A-Classic-Brickbattle-Collaboration
https://www.roblox.com/games/14205428/The-Brimstone-Garden
https://www.roblox.com/games/3009331840/1-Pizza-Tower-EVERY-SECOND",Other
G-Eazy - I Mean It (Lyrics) ft. Remo,Amazing Lyrics,10,57534,2025-10-06T21:00:54Z,"G-Eazy - I Mean It (Lyrics) ft. Remo

Lyrics:

[Intro: G-Eazy]
You know if I say somethin', I mean it
These things happen
Yeah

[Chorus: Remo & G-Eazy]
If I ever said I'm never scared
Just know I mean it
If I ever said I fucked your bitch
Just know I mean it, yeah
And if I ever said I'm gettin' money
Just know I mean it, yeah
And oh, Lord, oh, Lord knows
He knows I mean it, yeah (Yeah)
You know I mean it
You know I mean it, yeah
Just know I mean it, yeah
Just know I mean it
Oh yeah, oh yeah, oh yeah

[Verse 1: G-Eazy]
If I say that shit, then I mean it
She calls me, I screen it, I'm only fuckin' if it's convenient
You lie on pussy, that's weak shit, we pass pussy 'round, that's G shit
But you ain't fam, so what is this ""we"" shit? You cuff yours and then leash it
Listen, I'm tellin' you, it's my world, I does what I wish to
If you're mad, well, too bad, sounds like a personal issue
I walk in, they all stare like, ""Who the fuck is this dude?""
Kicks game is just rude, don't get jiu-jitsued
Tunnel visions how I get ahead, stayed solid, I never fled
My haters feel like I'm better dead, but I'm quite alive getting bread instead
With a better girl, with a better face, I'm in a better place gettin' better head
""I just wanna stay broke forever,"" yeah, that's that shit no one ever said

[Chorus: Remo]
Never scared
Just know I mean it
If I ever said I fucked your bitch
Just know I mean it, yeah
And if I ever said I'm gettin' money
Just know I mean it, yeah
And oh, Lord, oh, Lord knows
He knows I mean it, yeah
You know I mean it
You know I mean it, yeah
Just know I mean it, yeah
Just know I mean it
Oh yeah, oh yeah, oh yeah

[Verse 2: G-Eazy]
Signed Gerald, I'm sincere
This year I'm in here, I'll spell it out to make things clear
And meanwhile, your end's near, I've got a lane and I'm in gear
You people wonder who's next up, that conversation really ends here
You rappers just talk a bunch, stress me out, I chop a Dutch
Weak rappers tryna bite the sound, but my style is a lot to munch
And I'm more like whiskey neat, and you're more like vodka punch
""G‚Äôs dope, he might blow up,"" think I know, I've got a hunch
On my side it's authentic, you try to stunt, but it's all rented
But you're dope, you got a bad chick, yeah, cool, bro, we all get it
She wears a ring, came through without it, you really think she stay true? I doubt it
'Cause I'm fucking your girlfriend and there's nothing you can do about it

[Chorus: Remo]
If I ever said I'm never scared
Just know I mean it
If I ever said I fucked your bitch
Just know I mean it, yeah
And if I ever said I'm gettin' money
Just know I mean it, yeah
And oh, Lord, oh, Lord knows
He knows I mean it, yeah
You know I mean it
You know I mean it, yeah
Just know I mean it, yeah
Just know I mean it
Oh yeah, oh yeah, oh yeah

[Outro: Remo]
(Just know I mean it)
(Just know I mean it)",Other
Invincible Season 4 - Teaser Trailer | Prime Video,Prime Video,24,5507132,2025-10-10T21:45:56Z,"Welcome back to Burger Mart! Hope you enjoy a hot BM along with an update on Season 4 of‚Ä¶ we can‚Äôt put the Invincible title card in a YouTube description, but this is where it would go! We had the perfect set-up. 

¬ª Watch Invincible on Prime Video: https://bit.ly/InvincibleSeason1
¬ª SUBSCRIBE: http://bit.ly/PrimeVideoSubscribe

About Invincible:
INVINCIBLE is an adult animated superhero series that revolves around 17-year-old Mark Grayson, who‚Äôs just like every other guy his age ‚Äî except his father is the most powerful superhero on the planet, Omni-Man. But as Mark develops powers of his own, he discovers his father‚Äôs legacy may not be as heroic as it seems.

About Prime Video:
Want to watch it now? We‚Äôve got it. This week‚Äôs newest movies, last night‚Äôs TV shows, classic favorites, and more are available to stream instantly, plus all your videos are stored in Your Video Library. Prime Video offers a variety of unique and captivating entertainment, including original series ‚ÄúThe Boys,‚Äù ‚ÄúInvincible,‚Äù ‚ÄúHazbin Hotel,‚Äù ‚ÄúThe Summer I Turned Pretty,‚Äù and more.
 
Get More Prime Video: 
Stream Now: http://bit.ly/WatchMorePrimeVideo
Facebook: http://bit.ly/PrimeVideoFB
X: http://bit.ly/PrimeVideoTW
Instagram: http://bit.ly/primevideoIG
 
Invincible Season 4 - Teaser Trailer | Prime Video
https://youtu.be/Xg8aWV14vSs
 
Prime Video
https://www.youtube.com/PrimeVideo

#Invincible #PrimeVideo",Technology
I Pushed A New Account with ONLY Evolutions,Jynxzi,20,197856,2025-10-13T22:38:08Z,"Get the Jynxzi charm HERE: https://subs.twitch.tv/jynxzi

Get the Jynxzi charm HERE: https://subs.twitch.tv/jynxzi

Get the Jynxzi charm HERE: https://subs.twitch.tv/jynxzi

---------------------------------------------------------------------------------------------------------------------------

I Pushed A New Account with ONLY Evolutions

---------------------------------------------------------------------------------------------------------------------------

G FUEL x JYNXZI 20% OFF: http://gfuel.ly/jynxzi Code: ""JYNXZI""

KONTROLFREEK x JYNXZI 12% off: https://glnk.io/Jynxzi Code: ""JYNXZI""",Other
Halloween Is Coming,Jesse Welles,10,34328,2025-10-13T14:16:00Z,"halloween is coming
the pumpkins ands the gourds abound
all the spooky ghouls are humming
and the boogey man is getting down

I like the skeletons and wizards
the witches and the ghosts
but of all of halloween's tricks
I love the candy the most

baby ruth and mr goodbar
won't you fly me to the milky way
I wanna feel that almond joy
peanut butter cup my blues away

may all yer malt balls be whoppers
and your nerds taste tart
I like my smarties kinda dum
and all my dum dums kinda smart

well it's licorice for my sister
and a peppermint patty for me
that dang ole dentist gonna cry
when he sees my Halloweenie teeth

I come with a jack-o-latern bucket
and a knock upon the door
some folks say trick or treat
I just say more more more!

don't fun size me in the corner
I'm a king I need it in my size
and I don't want no candy apple
get that diabetus in disguise

may your bounty be abundant
and your collection be dandy
it's payday for the goblins
tax the grownups with the candy

let's go
hob knob down to Goblin Town

Boo",Other
Adopted by K-POP TIGER in Minecraft!,Aphmau,20,197371,2025-10-13T21:50:01Z,"Why does my new dad have all those papers INSIDE him?

‚òÖInspired by the Netflix movie KPop Demon Hunters
üíú Come take a look at my merch! üíú https://aphmeow.com/
‚òÖ Check out our Minecraft Marketplace! ‚òÖ https://www.minecraft.net/en-us/marketplace/creator/catface
‚ñ∫ Instagram: https://www.instagram.com/aphmau_ 

====. * ÔΩ• ÔΩ°Ôæü‚òÜ [Friends!] ‚òÜÔΩ°ÔæüÔΩ•* .====
‚òÖ Aaron: Jason Bravura
‚òÖ Zane: Kestin Howard
‚òÖ Kim: Corinne Sudberg

NOT an official Minecraft Product. Not approved by or associated with Mojang or Microsoft.

#Minecraft #Aphmau",Other
